{
  "token_acc":0.9985682625,
  "token_p":0.9422248335,
  "token_r":0.9723513481,
  "token_f":0.9570510653,
  "tag_acc":0.9305743961,
  "pos_acc":0.9359410431,
  "morph_acc":0.9448178138,
  "morph_micro_p":0.9523734177,
  "morph_micro_r":0.949219366,
  "morph_micro_f":0.9507937762,
  "morph_per_feat":{
    "PronType":{
      "p":0.9904491482,
      "r":0.9861218196,
      "f":0.9882807469
    },
    "Number":{
      "p":0.9550047867,
      "r":0.9425721785,
      "f":0.9487477544
    },
    "Mood":{
      "p":0.9352911896,
      "r":0.9390304848,
      "f":0.9371571072
    },
    "Person":{
      "p":0.9563078704,
      "r":0.9601975596,
      "f":0.9582487678
    },
    "Tense":{
      "p":0.9428334714,
      "r":0.9595278246,
      "f":0.9511073966
    },
    "VerbForm":{
      "p":0.9236459079,
      "r":0.9332208293,
      "f":0.9284086821
    },
    "Gender":{
      "p":0.9897172237,
      "r":1.0,
      "f":0.9948320413
    },
    "Poss":{
      "p":0.9875,
      "r":0.9783281734,
      "f":0.9828926905
    },
    "Definite":{
      "p":0.9993481095,
      "r":0.9961013645,
      "f":0.9977220957
    },
    "Degree":{
      "p":0.9241935484,
      "r":0.9197431782,
      "f":0.9219629928
    },
    "Case":{
      "p":0.9620786517,
      "r":0.9634317862,
      "f":0.9627547435
    },
    "ExtPos":{
      "p":1.0,
      "r":0.9047619048,
      "f":0.95
    },
    "Voice":{
      "p":0.5806451613,
      "r":0.9230769231,
      "f":0.7128712871
    },
    "NumType":{
      "p":0.9302325581,
      "r":0.9059233449,
      "f":0.9179170344
    },
    "Typo":{
      "p":0.2727272727,
      "r":0.0394736842,
      "f":0.0689655172
    },
    "Abbr":{
      "p":0.8888888889,
      "r":0.347826087,
      "f":0.5
    },
    "Foreign":{
      "p":0.0,
      "r":0.0,
      "f":0.0
    },
    "Reflex":{
      "p":1.0,
      "r":1.0,
      "f":1.0
    },
    "Style":{
      "p":0.0,
      "r":0.0,
      "f":0.0
    }
  },
  "sents_p":0.7302231237,
  "sents_r":0.6933076553,
  "sents_f":0.7112867375,
  "dep_uas":0.8248441468,
  "dep_las":0.784490116,
  "dep_las_per_type":{
    "root":{
      "p":0.8007063572,
      "r":0.7640828117,
      "f":0.7819660015
    },
    "mark":{
      "p":0.9154040404,
      "r":0.902864259,
      "f":0.9090909091
    },
    "nsubj":{
      "p":0.8833940656,
      "r":0.8614213198,
      "f":0.8722693395
    },
    "advcl":{
      "p":0.6052631579,
      "r":0.6084656085,
      "f":0.6068601583
    },
    "case":{
      "p":0.8809891808,
      "r":0.899526565,
      "f":0.8901613743
    },
    "obl":{
      "p":0.7127761768,
      "r":0.7059942912,
      "f":0.7093690249
    },
    "nmod:poss":{
      "p":0.9045092838,
      "r":0.8857142857,
      "f":0.8950131234
    },
    "compound":{
      "p":0.6390423573,
      "r":0.652869238,
      "f":0.6458818055
    },
    "cc":{
      "p":0.8504672897,
      "r":0.8516042781,
      "f":0.8510354041
    },
    "advmod":{
      "p":0.7895189003,
      "r":0.8005226481,
      "f":0.794982699
    },
    "conj":{
      "p":0.6430976431,
      "r":0.66396292,
      "f":0.65336374
    },
    "det":{
      "p":0.9335149864,
      "r":0.9335149864,
      "f":0.9335149864
    },
    "amod":{
      "p":0.8248,
      "r":0.8202068417,
      "f":0.8224970084
    },
    "nmod":{
      "p":0.7124183007,
      "r":0.7096354167,
      "f":0.7110241357
    },
    "flat":{
      "p":0.5630252101,
      "r":0.519379845,
      "f":0.5403225806
    },
    "cop":{
      "p":0.8700209644,
      "r":0.866388309,
      "f":0.8682008368
    },
    "obl:npmod":{
      "p":0.431372549,
      "r":0.4489795918,
      "f":0.44
    },
    "acl:relcl":{
      "p":0.6983240223,
      "r":0.5787037037,
      "f":0.6329113924
    },
    "aux":{
      "p":0.956284153,
      "r":0.9459459459,
      "f":0.9510869565
    },
    "ccomp":{
      "p":0.6549019608,
      "r":0.7198275862,
      "f":0.6858316222
    },
    "obj":{
      "p":0.8147566719,
      "r":0.8759493671,
      "f":0.8442456283
    },
    "nsubj:pass":{
      "p":0.7203389831,
      "r":0.8415841584,
      "f":0.7762557078
    },
    "fixed":{
      "p":0.7903225806,
      "r":0.765625,
      "f":0.7777777778
    },
    "dep":{
      "p":0.0,
      "r":0.0,
      "f":0.0
    },
    "parataxis":{
      "p":0.2156862745,
      "r":0.2146341463,
      "f":0.2151589242
    },
    "compound:prt":{
      "p":0.7692307692,
      "r":0.7865168539,
      "f":0.7777777778
    },
    "aux:pass":{
      "p":0.8095238095,
      "r":0.9107142857,
      "f":0.8571428571
    },
    "nummod":{
      "p":0.6870229008,
      "r":0.6428571429,
      "f":0.6642066421
    },
    "xcomp":{
      "p":0.7591623037,
      "r":0.81232493,
      "f":0.7848443843
    },
    "acl":{
      "p":0.6282051282,
      "r":0.5568181818,
      "f":0.5903614458
    },
    "appos":{
      "p":0.2375,
      "r":0.3064516129,
      "f":0.2676056338
    },
    "expl":{
      "p":0.7777777778,
      "r":0.8032786885,
      "f":0.7903225806
    },
    "nmod:tmod":{
      "p":0.8461538462,
      "r":0.5945945946,
      "f":0.6984126984
    },
    "iobj":{
      "p":0.6875,
      "r":0.8048780488,
      "f":0.7415730337
    },
    "cc:preconj":{
      "p":1.0,
      "r":0.5,
      "f":0.6666666667
    },
    "obl:tmod":{
      "p":0.5441176471,
      "r":0.5606060606,
      "f":0.552238806
    },
    "csubj":{
      "p":0.3461538462,
      "r":0.3913043478,
      "f":0.3673469388
    },
    "discourse":{
      "p":0.6548672566,
      "r":0.606557377,
      "f":0.629787234
    },
    "nmod:npmod":{
      "p":0.4285714286,
      "r":0.25,
      "f":0.3157894737
    },
    "csubj:pass":{
      "p":0.0,
      "r":0.0,
      "f":0.0
    },
    "list":{
      "p":0.2631578947,
      "r":0.0996015936,
      "f":0.1445086705
    },
    "vocative":{
      "p":0.3,
      "r":0.1363636364,
      "f":0.1875
    },
    "reparandum":{
      "p":0.0,
      "r":0.0,
      "f":0.0
    },
    "det:predet":{
      "p":1.0,
      "r":0.96,
      "f":0.9795918367
    },
    "goeswith":{
      "p":0.5,
      "r":0.0769230769,
      "f":0.1333333333
    },
    "orphan":{
      "p":0.0,
      "r":0.0,
      "f":0.0
    },
    "flat:foreign":{
      "p":0.0,
      "r":0.0,
      "f":0.0
    },
    "dislocated":{
      "p":0.0,
      "r":0.0,
      "f":0.0
    }
  },
  "speed":12406.3832205253
}