{
  "token_acc":0.9945352064,
  "token_p":0.9768368334,
  "token_r":0.9581333036,
  "token_f":0.9673946738,
  "tag_acc":0.9501748003,
  "pos_acc":0.955063525,
  "morph_acc":0.9579578726,
  "morph_micro_p":0.9705731394,
  "morph_micro_r":0.9400684932,
  "morph_micro_f":0.955077303,
  "morph_per_feat":{
    "Degree":{
      "p":0.9762886598,
      "r":0.9075227599,
      "f":0.9406506084
    },
    "Number":{
      "p":0.964335421,
      "r":0.9452592087,
      "f":0.9547020324
    },
    "Person":{
      "p":0.9866666667,
      "r":0.9673202614,
      "f":0.9768976898
    },
    "Tense":{
      "p":0.96,
      "r":0.9804141018,
      "f":0.9700996678
    },
    "VerbForm":{
      "p":0.9521228546,
      "r":0.96875,
      "f":0.9603644647
    },
    "Aspect":{
      "p":0.9295010846,
      "r":0.9694570136,
      "f":0.9490586932
    },
    "PunctSide":{
      "p":1.0,
      "r":0.9880043621,
      "f":0.9939659901
    },
    "PunctType":{
      "p":0.9970313825,
      "r":0.9091260634,
      "f":0.9510517799
    },
    "PartType":{
      "p":0.9854014599,
      "r":0.9712230216,
      "f":0.9782608696
    },
    "NumType":{
      "p":0.9914285714,
      "r":0.7949599084,
      "f":0.8823903369
    },
    "PronType":{
      "p":0.9963898917,
      "r":0.9928057554,
      "f":0.9945945946
    },
    "Poss":{
      "p":1.0,
      "r":1.0,
      "f":1.0
    },
    "VerbType":{
      "p":1.0,
      "r":1.0,
      "f":1.0
    },
    "AdvType":{
      "p":1.0,
      "r":1.0,
      "f":1.0
    },
    "Foreign":{
      "p":0.9824561404,
      "r":1.0,
      "f":0.9911504425
    },
    "AdjType":{
      "p":1.0,
      "r":1.0,
      "f":1.0
    }
  },
  "sents_p":0.9432432432,
  "sents_r":0.9064935065,
  "sents_f":0.9245033113,
  "dep_uas":0.8587792614,
  "dep_las":0.8378333389,
  "dep_las_per_type":{
    "amod":{
      "p":0.8717589348,
      "r":0.8579310345,
      "f":0.8647897115
    },
    "dep":{
      "p":0.8196721311,
      "r":0.5747126437,
      "f":0.6756756757
    },
    "prep":{
      "p":0.8436147186,
      "r":0.8386229155,
      "f":0.8411114108
    },
    "advmod":{
      "p":0.8606557377,
      "r":0.8366533865,
      "f":0.8484848485
    },
    "pobj":{
      "p":0.9444444444,
      "r":0.9439147504,
      "f":0.9441795231
    },
    "det":{
      "p":0.9499602859,
      "r":0.9560351719,
      "f":0.9529880478
    },
    "root":{
      "p":0.9308943089,
      "r":0.8922077922,
      "f":0.9111405836
    },
    "cc":{
      "p":0.8137802607,
      "r":0.7693661972,
      "f":0.7909502262
    },
    "compound":{
      "p":0.8138041734,
      "r":0.8223844282,
      "f":0.8180718031
    },
    "conj":{
      "p":0.7269789984,
      "r":0.7109004739,
      "f":0.7188498403
    },
    "nsubjpass":{
      "p":0.8961538462,
      "r":0.9246031746,
      "f":0.91015625
    },
    "auxpass":{
      "p":0.9464882943,
      "r":0.9929824561,
      "f":0.9691780822
    },
    "acl":{
      "p":0.7788461538,
      "r":0.7641509434,
      "f":0.7714285714
    },
    "dobj":{
      "p":0.9038817006,
      "r":0.9421965318,
      "f":0.9226415094
    },
    "appos":{
      "p":0.4485981308,
      "r":0.2580645161,
      "f":0.3276450512
    },
    "nsubj":{
      "p":0.9168026101,
      "r":0.878125,
      "f":0.897047087
    },
    "aux":{
      "p":0.9587301587,
      "r":0.9679487179,
      "f":0.9633173844
    },
    "ccomp":{
      "p":0.7128712871,
      "r":0.7346938776,
      "f":0.7236180905
    },
    "quantmod":{
      "p":0.9054054054,
      "r":0.7052631579,
      "f":0.7928994083
    },
    "nummod":{
      "p":0.9088607595,
      "r":0.6903846154,
      "f":0.7846994536
    },
    "neg":{
      "p":0.962962963,
      "r":0.962962963,
      "f":0.962962963
    },
    "pcomp":{
      "p":0.9166666667,
      "r":0.7457627119,
      "f":0.8224299065
    },
    "acomp":{
      "p":0.9315068493,
      "r":0.8395061728,
      "f":0.8831168831
    },
    "nmod":{
      "p":0.5698924731,
      "r":0.3970037453,
      "f":0.46799117
    },
    "mark":{
      "p":0.9230769231,
      "r":0.9180327869,
      "f":0.9205479452
    },
    "relcl":{
      "p":0.6206896552,
      "r":0.5744680851,
      "f":0.5966850829
    },
    "advcl":{
      "p":0.6651785714,
      "r":0.7268292683,
      "f":0.6946386946
    },
    "xcomp":{
      "p":0.8214285714,
      "r":0.7931034483,
      "f":0.8070175439
    },
    "attr":{
      "p":0.7384615385,
      "r":0.9795918367,
      "f":0.8421052632
    },
    "parataxis":{
      "p":0.5276752768,
      "r":0.4965277778,
      "f":0.511627907
    },
    "poss":{
      "p":0.9272727273,
      "r":0.9272727273,
      "f":0.9272727273
    },
    "csubj":{
      "p":1.0,
      "r":1.0,
      "f":1.0
    },
    "preconj":{
      "p":0.625,
      "r":0.625,
      "f":0.625
    },
    "expl":{
      "p":1.0,
      "r":1.0,
      "f":1.0
    },
    "npadvmod":{
      "p":0.86,
      "r":0.7288135593,
      "f":0.7889908257
    },
    "case":{
      "p":1.0,
      "r":1.0,
      "f":1.0
    },
    "agent":{
      "p":0.6279069767,
      "r":0.9,
      "f":0.7397260274
    },
    "oprd":{
      "p":0.6666666667,
      "r":0.6666666667,
      "f":0.6666666667
    },
    "meta":{
      "p":0.6923076923,
      "r":0.6279069767,
      "f":0.6585365854
    },
    "dative":{
      "p":0.0,
      "r":0.0,
      "f":0.0
    },
    "prt":{
      "p":0.7777777778,
      "r":0.7,
      "f":0.7368421053
    },
    "predet":{
      "p":1.0,
      "r":0.5,
      "f":0.6666666667
    }
  },
  "speed":14123.1245542936
}